1,Corene,Eggen,Corene.Eggen@land.gsi.gov.uk,Edmundo,Maricruz,Goat
2,Fanny,Petzold,Fanny.Petzold@land.gsi.gov.uk,Jacqui,Miriam,Guinea Pig
3,Shante,Comiskey,Shante.Comiskey@land.gsi.gov.uk,Brittanie,Emeline,Rhinoceros
4,Bobbi,Brown,Bobbi.Brown@land.gsi.gov.uk,Truman,Tashia,Hippopotamus
5,Filiberto,Minich,Filiberto.Minich@land.gsi.gov.uk,Cathey,Roseline,Kangaroo
6,Dirk,Aleisha,Dirk.Aleisha@land.gsi.gov.uk,Marvin,Misha,Koala
7,Devorah,Kraig,Devorah.Kraig@land.gsi.gov.uk,Carmelita,Cary,Llama
8,Thurman,Jamaal,Thurman.Jamaal@land.gsi.gov.uk,Ed,Wilbur,Manatee
9,Francesca,Nam,Francesca.Nam@land.gsi.gov.uk,Roosevelt,Jorge,Mastodon
10,Maranda,Caron,Maranda.Caron@land.gsi.gov.uk,Michelina,Jones,Rabbit
11,Tim,Baker,Tim.Baker@land.gsi.gov.uk,Michelina,Jones,Goat
12,Kristy,Austin,Kristy.Austin@land.gsi.gov.uk,Michelina,Jones,Guinea Pig
13,Veronica,Rodgers,Veronica.Rodgers@land.gsi.gov.uk,Michelina,Jones,Rhinoceros
14,Jessie,Cross,Jessie.Cross@land.gsi.gov.uk,Michelina,Jones,Hippopotamus
15,Lynn,Wilkins,Lynn.Wilkins@land.gsi.gov.uk,Michelina,Jones,Kangaroo
16,Arnold,Williams,Arnold.Williams@land.gsi.gov.uk,Michelina,Jones,Koala
17,Stewart,Wright,Stewart.Wright@land.gsi.gov.uk,Michelina,Jones,Llama
18,Lloyd,Poole,Lloyd.Poole@land.gsi.gov.uk,Michelina,Jones,Manatee
19,Marcia,Francis,Marcia.Francis@land.gsi.gov.uk,Michelina,Jones,Mastodon
20,Wade,Terry,Wade.Terry@land.gsi.gov.uk,Michelina,Jones,Rabbit
21,Arlene,Nelson,Arlene.Nelson@land.gsi.gov.uk,Michelina,Jones,Manatee
22,Amelia,Russell,Amelia.Russell@land.gsi.gov.uk,Michelina,Jones,Mastodon
23,Earl,Ortega,Earl.Ortega@land.gsi.gov.uk,Michelina,Jones,Rabbit
24,Dave,Test,David.Ogorman@landregistry.gsi.gov.uk,Test,Manager,Goat
23,Kev,Test,Kevin.Jackson2@landregistry.gsi.gov.uk,Test,Manager,Goat
