1,Corene,Eggen,Corene.Eggen@land.gsi.gov.uk,Edmundo,Maricruz,pbkdf2:sha1:1000$PiIk6Hop$a82bb8433626e4be9419da9ae6435c80453c7380
2,Fanny,Petzold,Fanny.Petzold@land.gsi.gov.uk,Jacqui,Miriam,pbkdf2:sha1:1000$v1JNh2YQ$08beb87518487d658a48ee13725f545a2b89e234
3,Shante,Comiskey,Shante.Comiskey@land.gsi.gov.uk,Brittanie,Emeline,pbkdf2:sha1:1000$H1TeSs4K$2da5e3ac6b8095a643f50f07ca0eb6be6a466cf0
4,Bobbi,Brown,Bobbi.Brown@land.gsi.gov.uk,Truman,Tashia,pbkdf2:sha1:1000$EvM3Q8PA$85f4c04185de050e9c81a84b34e660a51a13e5b2
5,Filiberto,Minich,Filiberto.Minich@land.gsi.gov.uk,Cathey,Roseline,pbkdf2:sha1:1000$t5msjKDT$1be6c54f801f683ce62bc28dba7acc4ba7c88372
6,Dirk,Aleisha,Dirk.Aleisha@land.gsi.gov.uk,Marvin,Misha,pbkdf2:sha1:1000$atoQznrr$c7baa49092d58af79b38fbd0f70fc2eb4f05e309
7,Devorah,Kraig,Devorah.Kraig@land.gsi.gov.uk,Carmelita,Cary,pbkdf2:sha1:1000$aKB3mulB$217607ffc0ca83d08e3f61f361e28878ceb663de
8,Thurman,Jamaal,Thurman.Jamaal@land.gsi.gov.uk,Ed,Wilbur,pbkdf2:sha1:1000$AQW390eQ$60f4b86a1d9f9c844a1651b6e4e9a3cf5dc82804
9,Francesca,Nam,Francesca.Nam@land.gsi.gov.uk,Roosevelt,Jorge,pbkdf2:sha1:1000$OVrOBVwe$3ea530121aaa168fba3e09dc51d6ced99f3790f8
10,Maranda,Caron,Maranda.Caron@land.gsi.gov.uk,Michelina,Jones,pbkdf2:sha1:1000$NsmgWFCq$759285d1ac7fd70698388f4b86053dad809648c8
11,Tim,Baker,Tim.Baker@land.gsi.gov.uk,Michelina,Jones,pbkdf2:sha1:1000$TxoHYYEs$a03cd83dacdd09922098f590a4de2a33aac10392
12,Kristy,Austin,Kristy.Austin@land.gsi.gov.uk,Michelina,Jones,pbkdf2:sha1:1000$lpku1YOQ$689701a2d0e28be515643762057876327e4296b2
13,Veronica,Rodgers,Veronica.Rodgers@land.gsi.gov.uk,Michelina,Jones,pbkdf2:sha1:1000$mjEz5Udc$2af2b01330d4e8ef9fec899bd0329caf9f9aaf28
14,Jessie,Cross,Jessie.Cross@land.gsi.gov.uk,Michelina,Jones,pbkdf2:sha1:1000$mX4MKWDz$05fa6e800c69c93f40022c4b37a6a4404c463fcf
15,Lynn,Wilkins,Lynn.Wilkins@land.gsi.gov.uk,Michelina,Jones,pbkdf2:sha1:1000$BHRAWgyo$0fba427a85b2e400b98f57aa76312485d958ccc0
16,Arnold,Williams,Arnold.Williams@land.gsi.gov.uk,Michelina,Jones,pbkdf2:sha1:1000$DX6qeApA$9318e14b7da2f04e4c2a56084bcaf4c9510fb428
17,Stewart,Wright,Stewart.Wright@land.gsi.gov.uk,Michelina,Jones,pbkdf2:sha1:1000$PdgGj8AL$bab1e689ac23e0291faf0dc3f39bbdf98eab4a56
18,Lloyd,Poole,Lloyd.Poole@land.gsi.gov.uk,Michelina,Jones,pbkdf2:sha1:1000$Skd87Uoa$65cc4df733d503f5f3f38577e6ffd6e00a1cb521
19,Marcia,Francis,Marcia.Francis@land.gsi.gov.uk,Michelina,Jones,pbkdf2:sha1:1000$Q5J61Rbv$7f74a713b08a46e1bcb04013ad495cc3a30fea44
20,Wade,Terry,Wade.Terry@land.gsi.gov.uk,Michelina,Jones,pbkdf2:sha1:1000$FGOnH1Iq$113b6faf0e30223965d6d07865a1f783dfe6c7a5
21,Arlene,Nelson,Arlene.Nelson@land.gsi.gov.uk,Michelina,Jones,pbkdf2:sha1:1000$NO6aQaJB$bade2e8bc84cc76db76db64c44300e2c868fdf13
22,Amelia,Russell,Amelia.Russell@land.gsi.gov.uk,Michelina,Jones,pbkdf2:sha1:1000$sgcl2Nkp$fff28db097e24c10f78dfa74d3975e8ae8b9c4f2
23,Earl,Ortega,Earl.Ortega@land.gsi.gov.uk,Michelina,Jones,pbkdf2:sha1:1000$XZ1Nikwr$294bff4a2941c61c998e73a44745634077380755
